in:Modded_Hour,img
168,Modded_Hour168.png
169,Modded_Hour169.png
170,Modded_Hour170.png
171,Modded_Hour171.png
172,Modded_Hour172.png
173,Modded_Hour173.png
174,Modded_Hour174.png
175,Modded_Hour175.png
176,Modded_Hour176.png
177,Modded_Hour177.png
178,Modded_Hour178.png
179,Modded_Hour179.png
180,Modded_Hour180.png
181,Modded_Hour181.png
182,Modded_Hour182.png
183,Modded_Hour183.png
184,Modded_Hour184.png
185,Modded_Hour185.png
186,Modded_Hour186.png
187,Modded_Hour187.png
188,Modded_Hour188.png
189,Modded_Hour189.png
190,Modded_Hour190.png
191,Modded_Hour191.png
192,Modded_Hour192.png
193,Modded_Hour193.png
194,Modded_Hour194.png
195,Modded_Hour195.png
196,Modded_Hour196.png
197,Modded_Hour197.png
198,Modded_Hour198.png
199,Modded_Hour199.png
200,Modded_Hour200.png
201,Modded_Hour201.png
202,Modded_Hour202.png
203,Modded_Hour203.png
204,Modded_Hour204.png
205,Modded_Hour205.png
206,Modded_Hour206.png
207,Modded_Hour207.png
208,Modded_Hour208.png
209,Modded_Hour209.png
210,Modded_Hour210.png
211,Modded_Hour211.png
212,Modded_Hour212.png
213,Modded_Hour213.png
214,Modded_Hour214.png
215,Modded_Hour215.png
216,Modded_Hour216.png
217,Modded_Hour217.png
218,Modded_Hour218.png
219,Modded_Hour219.png
220,Modded_Hour220.png
221,Modded_Hour221.png
222,Modded_Hour222.png
223,Modded_Hour223.png
224,Modded_Hour224.png
225,Modded_Hour225.png
226,Modded_Hour226.png
227,Modded_Hour227.png
228,Modded_Hour228.png
229,Modded_Hour229.png
230,Modded_Hour230.png
231,Modded_Hour231.png
232,Modded_Hour232.png
233,Modded_Hour233.png
234,Modded_Hour234.png
235,Modded_Hour235.png
236,Modded_Hour236.png
237,Modded_Hour237.png
238,Modded_Hour238.png
239,Modded_Hour239.png
240,Modded_Hour240.png
241,Modded_Hour241.png
242,Modded_Hour242.png
243,Modded_Hour243.png
244,Modded_Hour244.png
245,Modded_Hour245.png
246,Modded_Hour246.png
247,Modded_Hour247.png
248,Modded_Hour248.png
249,Modded_Hour249.png
250,Modded_Hour250.png
251,Modded_Hour251.png
252,Modded_Hour252.png
253,Modded_Hour253.png
254,Modded_Hour254.png
255,Modded_Hour255.png
256,Modded_Hour256.png
257,Modded_Hour257.png
258,Modded_Hour258.png
259,Modded_Hour259.png
260,Modded_Hour260.png
261,Modded_Hour261.png
262,Modded_Hour262.png
263,Modded_Hour263.png
264,Modded_Hour264.png
265,Modded_Hour265.png
266,Modded_Hour266.png
267,Modded_Hour267.png
268,Modded_Hour268.png
269,Modded_Hour269.png
270,Modded_Hour270.png
271,Modded_Hour271.png
272,Modded_Hour272.png
273,Modded_Hour273.png
274,Modded_Hour274.png
275,Modded_Hour275.png
276,Modded_Hour276.png
277,Modded_Hour277.png
278,Modded_Hour278.png
279,Modded_Hour279.png
280,Modded_Hour280.png
281,Modded_Hour281.png
282,Modded_Hour282.png
283,Modded_Hour283.png
284,Modded_Hour284.png
285,Modded_Hour285.png
286,Modded_Hour286.png
287,Modded_Hour287.png
288,Modded_Hour288.png
289,Modded_Hour289.png
290,Modded_Hour290.png
291,Modded_Hour291.png
292,Modded_Hour292.png
293,Modded_Hour293.png
294,Modded_Hour294.png
295,Modded_Hour295.png
296,Modded_Hour296.png
297,Modded_Hour297.png
298,Modded_Hour298.png
299,Modded_Hour299.png
300,Modded_Hour300.png
301,Modded_Hour301.png
302,Modded_Hour302.png
303,Modded_Hour303.png
304,Modded_Hour304.png
305,Modded_Hour305.png
306,Modded_Hour306.png
307,Modded_Hour307.png
308,Modded_Hour308.png
309,Modded_Hour309.png
310,Modded_Hour310.png
311,Modded_Hour311.png
312,Modded_Hour312.png
313,Modded_Hour313.png
314,Modded_Hour314.png
315,Modded_Hour315.png
316,Modded_Hour316.png
317,Modded_Hour317.png
318,Modded_Hour318.png
319,Modded_Hour319.png
320,Modded_Hour320.png
321,Modded_Hour321.png
322,Modded_Hour322.png
323,Modded_Hour323.png
324,Modded_Hour324.png
325,Modded_Hour325.png
326,Modded_Hour326.png
327,Modded_Hour327.png
328,Modded_Hour328.png
329,Modded_Hour329.png
330,Modded_Hour330.png
331,Modded_Hour331.png
332,Modded_Hour332.png
333,Modded_Hour333.png
334,Modded_Hour334.png
335,Modded_Hour335.png
336,Modded_Hour336.png
337,Modded_Hour337.png
338,Modded_Hour338.png
339,Modded_Hour339.png
340,Modded_Hour340.png
341,Modded_Hour341.png
342,Modded_Hour342.png
343,Modded_Hour343.png
344,Modded_Hour344.png
345,Modded_Hour345.png
346,Modded_Hour346.png
347,Modded_Hour347.png
348,Modded_Hour348.png
349,Modded_Hour349.png
350,Modded_Hour350.png
351,Modded_Hour351.png
352,Modded_Hour352.png
353,Modded_Hour353.png
354,Modded_Hour354.png
355,Modded_Hour355.png
356,Modded_Hour356.png
357,Modded_Hour357.png
358,Modded_Hour358.png
359,Modded_Hour359.png
360,Modded_Hour360.png
361,Modded_Hour361.png
362,Modded_Hour362.png
363,Modded_Hour363.png
364,Modded_Hour364.png
365,Modded_Hour365.png
366,Modded_Hour366.png
367,Modded_Hour367.png
368,Modded_Hour368.png
369,Modded_Hour369.png
370,Modded_Hour370.png
371,Modded_Hour371.png
372,Modded_Hour372.png
373,Modded_Hour373.png
374,Modded_Hour374.png
375,Modded_Hour375.png
376,Modded_Hour376.png
377,Modded_Hour377.png
378,Modded_Hour378.png
379,Modded_Hour379.png
380,Modded_Hour380.png
381,Modded_Hour381.png
382,Modded_Hour382.png
383,Modded_Hour383.png
384,Modded_Hour384.png
385,Modded_Hour385.png
386,Modded_Hour386.png
387,Modded_Hour387.png
388,Modded_Hour388.png
389,Modded_Hour389.png
390,Modded_Hour390.png
391,Modded_Hour391.png
392,Modded_Hour392.png
393,Modded_Hour393.png
394,Modded_Hour394.png
395,Modded_Hour395.png
396,Modded_Hour396.png
397,Modded_Hour397.png
398,Modded_Hour398.png
399,Modded_Hour399.png
400,Modded_Hour400.png
401,Modded_Hour401.png
402,Modded_Hour402.png
403,Modded_Hour403.png
404,Modded_Hour404.png
405,Modded_Hour405.png
406,Modded_Hour406.png
407,Modded_Hour407.png
408,Modded_Hour408.png
409,Modded_Hour409.png
410,Modded_Hour410.png
411,Modded_Hour411.png
412,Modded_Hour412.png
413,Modded_Hour413.png
414,Modded_Hour414.png
415,Modded_Hour415.png
416,Modded_Hour416.png
417,Modded_Hour417.png
418,Modded_Hour418.png
419,Modded_Hour419.png
420,Modded_Hour420.png
421,Modded_Hour421.png
422,Modded_Hour422.png
423,Modded_Hour423.png
424,Modded_Hour424.png
425,Modded_Hour425.png
426,Modded_Hour426.png
427,Modded_Hour427.png
428,Modded_Hour428.png
429,Modded_Hour429.png
430,Modded_Hour430.png
431,Modded_Hour431.png
432,Modded_Hour432.png
433,Modded_Hour433.png
434,Modded_Hour434.png
435,Modded_Hour435.png
436,Modded_Hour436.png
437,Modded_Hour437.png
438,Modded_Hour438.png
439,Modded_Hour439.png
440,Modded_Hour440.png
441,Modded_Hour441.png
442,Modded_Hour442.png
443,Modded_Hour443.png
444,Modded_Hour444.png
445,Modded_Hour445.png
446,Modded_Hour446.png
447,Modded_Hour447.png
448,Modded_Hour448.png
449,Modded_Hour449.png
450,Modded_Hour450.png
451,Modded_Hour451.png
452,Modded_Hour452.png
453,Modded_Hour453.png
454,Modded_Hour454.png
455,Modded_Hour455.png
456,Modded_Hour456.png
457,Modded_Hour457.png
458,Modded_Hour458.png
459,Modded_Hour459.png
460,Modded_Hour460.png
461,Modded_Hour461.png
462,Modded_Hour462.png
463,Modded_Hour463.png
464,Modded_Hour464.png
465,Modded_Hour465.png
466,Modded_Hour466.png
467,Modded_Hour467.png
468,Modded_Hour468.png
469,Modded_Hour469.png
470,Modded_Hour470.png
471,Modded_Hour471.png
472,Modded_Hour472.png
473,Modded_Hour473.png
474,Modded_Hour474.png
475,Modded_Hour475.png
476,Modded_Hour476.png
477,Modded_Hour477.png
478,Modded_Hour478.png
479,Modded_Hour479.png
480,Modded_Hour480.png
481,Modded_Hour481.png
482,Modded_Hour482.png
483,Modded_Hour483.png
484,Modded_Hour484.png
485,Modded_Hour485.png
486,Modded_Hour486.png
487,Modded_Hour487.png
488,Modded_Hour488.png
489,Modded_Hour489.png
490,Modded_Hour490.png
491,Modded_Hour491.png
492,Modded_Hour492.png
493,Modded_Hour493.png
494,Modded_Hour494.png
495,Modded_Hour495.png
496,Modded_Hour496.png
497,Modded_Hour497.png
498,Modded_Hour498.png
499,Modded_Hour499.png
500,Modded_Hour500.png
501,Modded_Hour501.png
502,Modded_Hour502.png
503,Modded_Hour503.png
504,Modded_Hour504.png
505,Modded_Hour505.png
506,Modded_Hour506.png
507,Modded_Hour507.png
508,Modded_Hour508.png
509,Modded_Hour509.png
510,Modded_Hour510.png
511,Modded_Hour511.png
512,Modded_Hour512.png
513,Modded_Hour513.png
514,Modded_Hour514.png
515,Modded_Hour515.png
516,Modded_Hour516.png
517,Modded_Hour517.png
518,Modded_Hour518.png
519,Modded_Hour519.png
520,Modded_Hour520.png
521,Modded_Hour521.png
522,Modded_Hour522.png
523,Modded_Hour523.png
524,Modded_Hour524.png
525,Modded_Hour525.png
526,Modded_Hour526.png
527,Modded_Hour527.png
528,Modded_Hour528.png
529,Modded_Hour529.png
530,Modded_Hour530.png
531,Modded_Hour531.png
532,Modded_Hour532.png
533,Modded_Hour533.png
534,Modded_Hour534.png
535,Modded_Hour535.png
536,Modded_Hour536.png
537,Modded_Hour537.png
538,Modded_Hour538.png
539,Modded_Hour539.png
540,Modded_Hour540.png
541,Modded_Hour541.png
542,Modded_Hour542.png
543,Modded_Hour543.png
544,Modded_Hour544.png
545,Modded_Hour545.png
546,Modded_Hour546.png
547,Modded_Hour547.png
548,Modded_Hour548.png
549,Modded_Hour549.png
550,Modded_Hour550.png
551,Modded_Hour551.png
552,Modded_Hour552.png
553,Modded_Hour553.png
554,Modded_Hour554.png
555,Modded_Hour555.png
556,Modded_Hour556.png
557,Modded_Hour557.png
558,Modded_Hour558.png
559,Modded_Hour559.png
560,Modded_Hour560.png
561,Modded_Hour561.png
562,Modded_Hour562.png
563,Modded_Hour563.png
564,Modded_Hour564.png
565,Modded_Hour565.png
566,Modded_Hour566.png
567,Modded_Hour567.png
568,Modded_Hour568.png
569,Modded_Hour569.png
570,Modded_Hour570.png
571,Modded_Hour571.png
572,Modded_Hour572.png
573,Modded_Hour573.png
574,Modded_Hour574.png
575,Modded_Hour575.png
576,Modded_Hour576.png
577,Modded_Hour577.png
578,Modded_Hour578.png
579,Modded_Hour579.png
580,Modded_Hour580.png
581,Modded_Hour581.png
582,Modded_Hour582.png
583,Modded_Hour583.png
584,Modded_Hour584.png
585,Modded_Hour585.png
586,Modded_Hour586.png
587,Modded_Hour587.png
588,Modded_Hour588.png
589,Modded_Hour589.png
590,Modded_Hour590.png
591,Modded_Hour591.png
592,Modded_Hour592.png
593,Modded_Hour593.png
594,Modded_Hour594.png
595,Modded_Hour595.png
596,Modded_Hour596.png
597,Modded_Hour597.png
598,Modded_Hour598.png
599,Modded_Hour599.png
600,Modded_Hour600.png
601,Modded_Hour601.png
602,Modded_Hour602.png
603,Modded_Hour603.png
604,Modded_Hour604.png
605,Modded_Hour605.png
606,Modded_Hour606.png
607,Modded_Hour607.png
608,Modded_Hour608.png
609,Modded_Hour609.png
610,Modded_Hour610.png
611,Modded_Hour611.png
612,Modded_Hour612.png
613,Modded_Hour613.png
614,Modded_Hour614.png
615,Modded_Hour615.png
616,Modded_Hour616.png
617,Modded_Hour617.png
618,Modded_Hour618.png
619,Modded_Hour619.png
620,Modded_Hour620.png
621,Modded_Hour621.png
622,Modded_Hour622.png
623,Modded_Hour623.png
624,Modded_Hour624.png
625,Modded_Hour625.png
626,Modded_Hour626.png
627,Modded_Hour627.png
628,Modded_Hour628.png
629,Modded_Hour629.png
630,Modded_Hour630.png
631,Modded_Hour631.png
632,Modded_Hour632.png
633,Modded_Hour633.png
634,Modded_Hour634.png
635,Modded_Hour635.png
636,Modded_Hour636.png
637,Modded_Hour637.png
638,Modded_Hour638.png
639,Modded_Hour639.png
640,Modded_Hour640.png
641,Modded_Hour641.png
642,Modded_Hour642.png
643,Modded_Hour643.png
644,Modded_Hour644.png
645,Modded_Hour645.png
646,Modded_Hour646.png
647,Modded_Hour647.png
648,Modded_Hour648.png
649,Modded_Hour649.png
650,Modded_Hour650.png
651,Modded_Hour651.png
652,Modded_Hour652.png
653,Modded_Hour653.png
654,Modded_Hour654.png
655,Modded_Hour655.png
656,Modded_Hour656.png
657,Modded_Hour657.png
658,Modded_Hour658.png
659,Modded_Hour659.png
660,Modded_Hour660.png
661,Modded_Hour661.png
662,Modded_Hour662.png
663,Modded_Hour663.png
664,Modded_Hour664.png
665,Modded_Hour665.png
666,Modded_Hour666.png
667,Modded_Hour667.png
668,Modded_Hour668.png
669,Modded_Hour669.png
670,Modded_Hour670.png
671,Modded_Hour671.png
672,Modded_Hour672.png
673,Modded_Hour673.png
674,Modded_Hour674.png
675,Modded_Hour675.png
676,Modded_Hour676.png
677,Modded_Hour677.png
678,Modded_Hour678.png
679,Modded_Hour679.png
680,Modded_Hour680.png
681,Modded_Hour681.png
682,Modded_Hour682.png
683,Modded_Hour683.png
684,Modded_Hour684.png
685,Modded_Hour685.png
686,Modded_Hour686.png
687,Modded_Hour687.png
688,Modded_Hour688.png
689,Modded_Hour689.png
690,Modded_Hour690.png
691,Modded_Hour691.png
692,Modded_Hour692.png
693,Modded_Hour693.png
694,Modded_Hour694.png
695,Modded_Hour695.png
696,Modded_Hour696.png
697,Modded_Hour697.png
698,Modded_Hour698.png
699,Modded_Hour699.png
700,Modded_Hour700.png
701,Modded_Hour701.png
702,Modded_Hour702.png
703,Modded_Hour703.png
704,Modded_Hour704.png
705,Modded_Hour705.png
706,Modded_Hour706.png
707,Modded_Hour707.png
708,Modded_Hour708.png
709,Modded_Hour709.png
710,Modded_Hour710.png
711,Modded_Hour711.png
712,Modded_Hour712.png
713,Modded_Hour713.png
714,Modded_Hour714.png
715,Modded_Hour715.png
716,Modded_Hour716.png
717,Modded_Hour717.png
718,Modded_Hour718.png
719,Modded_Hour719.png
720,Modded_Hour720.png
721,Modded_Hour721.png
722,Modded_Hour722.png
723,Modded_Hour723.png
724,Modded_Hour724.png
725,Modded_Hour725.png
726,Modded_Hour726.png
727,Modded_Hour727.png
728,Modded_Hour728.png
729,Modded_Hour729.png
730,Modded_Hour730.png
731,Modded_Hour731.png
732,Modded_Hour732.png
733,Modded_Hour733.png
734,Modded_Hour734.png
735,Modded_Hour735.png
736,Modded_Hour736.png
737,Modded_Hour737.png
738,Modded_Hour738.png
739,Modded_Hour739.png
740,Modded_Hour740.png
741,Modded_Hour741.png
742,Modded_Hour742.png
743,Modded_Hour743.png
744,Modded_Hour744.png
745,Modded_Hour745.png
746,Modded_Hour746.png
747,Modded_Hour747.png
748,Modded_Hour748.png
749,Modded_Hour749.png
750,Modded_Hour750.png
751,Modded_Hour751.png
752,Modded_Hour752.png
753,Modded_Hour753.png
754,Modded_Hour754.png
755,Modded_Hour755.png
756,Modded_Hour756.png
757,Modded_Hour757.png
758,Modded_Hour758.png
759,Modded_Hour759.png
760,Modded_Hour760.png
761,Modded_Hour761.png
762,Modded_Hour762.png
763,Modded_Hour763.png
764,Modded_Hour764.png
765,Modded_Hour765.png
766,Modded_Hour766.png
767,Modded_Hour767.png
768,Modded_Hour768.png
769,Modded_Hour769.png
770,Modded_Hour770.png
771,Modded_Hour771.png
772,Modded_Hour772.png
773,Modded_Hour773.png
774,Modded_Hour774.png
775,Modded_Hour775.png
776,Modded_Hour776.png
777,Modded_Hour777.png
778,Modded_Hour778.png
779,Modded_Hour779.png
780,Modded_Hour780.png
781,Modded_Hour781.png
782,Modded_Hour782.png
783,Modded_Hour783.png
784,Modded_Hour784.png
785,Modded_Hour785.png
786,Modded_Hour786.png
787,Modded_Hour787.png
788,Modded_Hour788.png
789,Modded_Hour789.png
790,Modded_Hour790.png
791,Modded_Hour791.png
792,Modded_Hour792.png
793,Modded_Hour793.png
794,Modded_Hour794.png
795,Modded_Hour795.png
796,Modded_Hour796.png
797,Modded_Hour797.png
798,Modded_Hour798.png
799,Modded_Hour799.png
800,Modded_Hour800.png
